充装单位,登记证编号,设备品种,单位内编号,产品编号,二维码号,制造单位,制造日期,钢瓶检验日期,钢瓶下次检验日期,压力表表号,厂家,压力值最小,压力值最大,压力表检验日期,压力表下次检验日期,安全阀检测日期,安全阀下次检验日期,容积(L),状态,皮重
无极县新拓能源开发有限公司,瓶32冀A02039(99),焊接气瓶,415,C20112A003,02546006089,江西华特电子化学品有限公司,2020-12-02,2026-03-09,2029-03-08,19095452,无锡凯丰,0,2.8,2026-03-09,2029-03-08,2026-03-14,2027-03-13,175,在用,110
无极县新拓能源开发有限公司,瓶32冀A02039(100),焊接气瓶,416,C20112A007,02546006013,江西华特电子化学品有限公司,2020-12-02,2026-03-09,2029-03-08,191170570,无锡凯丰,0,2.8,2026-03-09,2029-03-08,2026-03-14,2027-03-13,175,在用,110
无极县新拓能源开发有限公司,瓶32冀A02039(101),焊接气瓶,417,C20112A009,02546006025,江西华特电子化学品有限公司,2020-12-02,2026-03-09,2029-03-08,190539649,无锡凯丰,0,4,2026-03-09,2029-03-08,2026-03-14,2027-03-13,175,在用,110
无极县新拓能源开发有限公司,瓶32冀A02039(102),焊接气瓶,418,C20112A011,C20112A011,江西华特电子化学品有限公司,2020-12-02,2026-03-09,2029-03-08,240319832,无锡凯丰,0,2.8,2026-03-09,2029-03-08,2026-03-14,2027-03-13,175,在用,110
无极县新拓能源开发有限公司,瓶32冀A02039(103),焊接气瓶,419,C20112A012,02546006022,江西华特电子化学品有限公司,2020-12-02,2026-03-09,2029-03-08,240120530,无锡凯丰,0,2.8,2026-03-09,2029-03-08,2026-03-14,2027-03-13,175,在用,110
无极县新拓能源开发有限公司,瓶32冀A02039(104),焊接气瓶,420,C20112A019,02546006082,江西华特电子化学品有限公司,2020-12-02,2026-03-09,2029-03-08,17082499,无锡凯丰,0,2.8,2026-03-09,2029-03-08,2026-03-14,2027-03-13,175,在用,110
无极县新拓能源开发有限公司,瓶32冀A02039(105),焊接气瓶,421,C20112A020,02546006081,江西华特电子化学品有限公司,2020-12-02,2026-03-09,2029-03-08,200643413,无锡凯丰,0,2.5,2026-03-09,2029-03-08,2026-03-14,2027-03-13,175,在用,110
无极县新拓能源开发有限公司,瓶32冀A02039(106),焊接气瓶,422,C20112A022,02546001050,江西华特电子化学品有限公司,2020-12-02,2026-03-09,2029-03-08,17083775,上海正宝,0,2.8,2026-03-09,2029-03-08,2026-03-14,2027-03-13,175,在用,110
无极县新拓能源开发有限公司,瓶32冀A02039(107),焊接气瓶,423,C20112A028,02546006099,江西华特电子化学品有限公司,2020-12-02,2026-03-09,2029-03-08,190539537,无锡凯丰,0,4,2026-03-09,2029-03-08,2026-03-14,2027-03-13,175,在用,110
无极县新拓能源开发有限公司,瓶32冀A02039(108),焊接气瓶,424,C20112A029,02546006074,江西华特电子化学品有限公司,2020-12-02,2026-03-09,2029-03-08,190539602,无锡凯丰,0,4,2026-03-09,2029-03-08,2026-03-14,2027-03-13,175,在用,110
无极县新拓能源开发有限公司,瓶32冀A02039(109),焊接气瓶,425,C20112A035,C20112A035,江西华特电子化学品有限公司,2020-12-02,2026-03-09,2029-03-08,190539581,无锡凯丰,0,4,2026-03-09,2029-03-08,2026-03-14,2027-03-13,175,在用,110
无极县新拓能源开发有限公司,瓶32冀A02039(110),焊接气瓶,426,C20112A036,02546006097,江西华特电子化学品有限公司,2020-12-02,2026-03-09,2029-03-08,201026304,无锡凯丰,0,2.5,2026-03-09,2029-03-08,2026-03-14,2027-03-13,175,在用,110
无极县新拓能源开发有限公司,瓶32冀A02039(111),焊接气瓶,427,C20112A038,02546006021,江西华特电子化学品有限公司,2020-12-02,2026-03-09,2029-03-08,240319855,无锡凯丰,0,2.8,2026-03-09,2029-03-08,2026-03-14,2027-03-13,175,在用,110
无极县新拓能源开发有限公司,瓶32冀A02039(112),焊接气瓶,428,C20112A039,02546006086,江西华特电子化学品有限公司,2020-12-02,2026-03-09,2029-03-08,240315788,无锡凯丰,0,2.8,2026-03-09,2029-03-08,2026-03-14,2027-03-13,175,在用,110
无极县新拓能源开发有限公司,瓶32冀A02039(113),焊接气瓶,429,C20112A041,C20112A041,江西华特电子化学品有限公司,2020-12-02,2026-03-09,2029-03-08,190831240,无锡凯丰,0,2.8,2026-03-09,2029-03-08,2026-03-14,2027-03-13,175,在用,110
无极县新拓能源开发有限公司,瓶32冀A02039(114),焊接气瓶,430,C20112A042,02546006020,江西华特电子化学品有限公司,2020-12-02,2026-03-09,2029-03-08,190539742,无锡凯丰,0,4,2026-03-09,2029-03-08,2026-03-14,2027-03-13,175,在用,110
无极县新拓能源开发有限公司,瓶32冀A02039(115),焊接气瓶,431,C20112A050,02546006015,江西华特电子化学品有限公司,2020-12-02,2026-03-09,2029-03-08,190539810,无锡凯丰,0,4,2026-03-09,2029-03-08,2026-03-14,2027-03-13,175,在用,110
无极县新拓能源开发有限公司,瓶32冀A02039(116),焊接气瓶,432,C20112A064,02546006098,江西华特电子化学品有限公司,2020-12-02,2026-03-09,2029-03-08,190715238,无锡凯丰,0,2.8,2026-03-09,2029-03-08,2026-03-14,2027-03-13,175,在用,110
无极县新拓能源开发有限公司,瓶32冀A02039(117),焊接气瓶,433,C20112A069,02546006017,江西华特电子化学品有限公司,2020-12-02,2026-03-09,2029-03-08,190539653,无锡凯丰,0,4,2026-03-09,2029-03-08,2026-03-14,2027-03-13,175,在用,110
无极县新拓能源开发有限公司,瓶32冀A02039(118),焊接气瓶,434,C20112A072,02546006024,江西华特电子化学品有限公司,2020-12-02,2026-03-09,2029-03-08,201245569,无锡凯丰,0,2.5,2026-03-09,2029-03-08,2026-03-14,2027-03-13,175,在用,110
无极县新拓能源开发有限公司,瓶32冀A02039(119),焊接气瓶,435,C20112A081,02546006026,江西华特电子化学品有限公司,2020-12-02,2026-03-09,2029-03-08,190539592,无锡凯丰,0,4,2026-03-09,2029-03-08,2026-03-14,2027-03-13,175,在用,110
无极县新拓能源开发有限公司,瓶32冀A02039(120),焊接气瓶,436,C20112A084,C20112A084,江西华特电子化学品有限公司,2020-12-02,2026-03-09,2029-03-08,190539609,无锡凯丰,0,4,2026-03-09,2029-03-08,2026-03-14,2027-03-13,175,在用,110
无极县新拓能源开发有限公司,瓶32冀A02039(121),焊接气瓶,437,C20112A088,02546006023,江西华特电子化学品有限公司,2020-12-02,2026-03-09,2029-03-08,190539519,无锡凯丰,0,4,2026-03-09,2029-03-08,2026-03-14,2027-03-13,175,在用,110
无极县新拓能源开发有限公司,瓶32冀A02039(122),焊接气瓶,438,C20112A090,C20112A090,江西华特电子化学品有限公司,2020-12-02,2026-03-09,2029-03-08,240319816,无锡凯丰,0,2.8,2026-03-09,2029-03-08,2026-03-14,2027-03-13,175,在用,110
无极县新拓能源开发有限公司,瓶32冀A02039(123),焊接气瓶,439,C20112A100,C20112A100,江西华特电子化学品有限公司,2020-12-02,2026-03-09,2029-03-08,201245673,无锡凯丰,0,2.5,2026-03-09,2029-03-08,2026-03-14,2027-03-13,175,在用,110
无极县新拓能源开发有限公司,瓶32冀A02039(124),焊接气瓶,440,C2108A005,02546006012,江西华特电子化学品有限公司,2021-01-20,2026-03-09,2029-03-08,200643410,无锡凯丰,0,2.5,2026-03-09,2029-03-08,2026-03-14,2027-03-13,175,在用,109
无极县新拓能源开发有限公司,瓶32冀A02039(125),焊接气瓶,441,C2108A061,02546006087,江西华特电子化学品有限公司,2021-01-20,2026-03-09,2029-03-08,190539666,无锡凯丰,0,4,2026-03-09,2029-03-08,2026-03-14,2027-03-13,175,在用,109
无极县新拓能源开发有限公司,瓶32冀A02039(126),焊接气瓶,442,C2108A062,02546006091,江西华特电子化学品有限公司,2021-01-20,2026-03-09,2029-03-08,190831102,无锡凯丰,0,2.8,2026-03-09,2029-03-08,2026-03-14,2027-03-13,175,在用,109
无极县新拓能源开发有限公司,瓶32冀A02039(127),焊接气瓶,443,C2108A063,C2108A063,江西华特电子化学品有限公司,2021-01-20,2026-03-09,2029-03-08,2101662,无锡凯丰,0,2.5,2026-03-09,2029-03-08,2026-03-14,2027-03-13,175,在用,109
无极县新拓能源开发有限公司,瓶32冀A02039(128),焊接气瓶,444,C2108A065,C2108A065,江西华特电子化学品有限公司,2021-01-20,2026-03-09,2029-03-08,190539515,无锡凯丰,0,4,2026-03-09,2029-03-08,2026-03-14,2027-03-13,175,在用,109
无极县新拓能源开发有限公司,瓶32冀A02039(129),焊接气瓶,445,C2108A071,C2108A071,江西华特电子化学品有限公司,2021-01-20,2026-03-09,2029-03-08,190539737,无锡凯丰,0,4,2026-03-09,2029-03-08,2026-03-14,2027-03-13,175,在用,110
无极县新拓能源开发有限公司,瓶32冀A02039(130),焊接气瓶,446,C2108A080,C2108A080,江西华特电子化学品有限公司,2021-01-20,2026-03-09,2029-03-08,191263446,无锡凯丰,0,2.8,2026-03-09,2029-03-08,2026-03-14,2027-03-13,175,在用,109
无极县新拓能源开发有限公司,瓶32冀A02039(131),焊接气瓶,447,C2108A082,C2108A082,江西华特电子化学品有限公司,2021-01-20,2026-03-09,2029-03-08,240120329,无锡凯丰,0,2.8,2026-03-09,2029-03-08,2026-03-14,2027-03-13,175,在用,109
无极县新拓能源开发有限公司,瓶32冀A02039(131),焊接气瓶,448,C2108A085,C2108A085,江西华特电子化学品有限公司,2021-01-20,2026-03-09,2029-03-08,190539809,无锡凯丰,0,4,2026-03-09,2029-03-08,2026-03-14,2027-03-13,175,在用,109
